GENDER,NAME,ORGANIZATION,SPECIALITY,_id
M,Tomas Sauer,62cba98080e2da8f01b9920f,CLINICIAN,62cd0ce286b0448a549eab5d
F,Suzette Monahan,62cba98080e2da8f01b9920f,GENERAL MEDICINE,62cd0ce286b0448a549eab5e
F,Gaynell Streich,62cba98080e2da8f01b9920f,OPTOMETRY,62cd0ce286b0448a549eab5f
F,Patricia Salgado,62cba98080e2da8f01b9920f,PSYCHOLOGIST,62cd0ce286b0448a549eab60
F,Jeanmarie Beatty,62cba98080e2da8f01b9920f,CHIROPRACTIC,62cd0ce286b0448a549eab61
M,Phillip Mc,62cba98080e2da8f01b9920f,NURSE,62cd0ce286b0448a549eab62
F,Guadalupe Valenzuela,62cba98080e2da8f01b9920f,PEDIATRICS,62cd0ce286b0448a549eab63
M,Von Mraz,62cba98080e2da8f01b9920f,NURSE,62cd0ce286b0448a549eab64
M,Terry Wiegand,62cba98080e2da8f01b9920f,GENERAL MEDICINE,62cd0ce286b0448a549eab65
F,Tiana Blick,62cba98080e2da8f01b99210,CLINICIAN,62cd0ce286b0448a549eab66
F,Colby Schowalter,62cba98080e2da8f01b99210,GENERAL MEDICINE,62cd0ce286b0448a549eab67
M,Garth Wyman,62cba98080e2da8f01b99210,OPTOMETRY,62cd0ce286b0448a549eab68
F,Leonor Najera,62cba98080e2da8f01b99210,PSYCHOLOGIST,62cd0ce286b0448a549eab69
F,Devora Sipes,62cba98080e2da8f01b99210,CHIROPRACTIC,62cd0ce286b0448a549eab6a
M,Lynwood Monahan,62cba98080e2da8f01b99210,NURSE,62cd0ce286b0448a549eab6b
F,Mari Reynolds,62cba98080e2da8f01b99210,PEDIATRICS,62cd0ce286b0448a549eab6c
M,Houston Osinski,62cba98080e2da8f01b99210,NURSE,62cd0ce286b0448a549eab6d
M,Benton Becker,62cba98080e2da8f01b99210,GENERAL MEDICINE,62cd0ce286b0448a549eab6e
M,Jes Quiroz,62cba98080e2da8f01b99211,CLINICIAN,62cd0ce286b0448a549eab6f
M,Jacob Borer,62cba98080e2da8f01b99211,GENERAL MEDICINE,62cd0ce286b0448a549eab70
F,Gertrudis Schaden,62cba98080e2da8f01b99211,OPTOMETRY,62cd0ce286b0448a549eab71
F,Malinda Cassin,62cba98080e2da8f01b99211,PSYCHOLOGIST,62cd0ce286b0448a549eab72
M,Hassan Rath,62cba98080e2da8f01b99211,CHIROPRACTIC,62cd0ce286b0448a549eab73
F,Wynell Wisozk,62cba98080e2da8f01b99211,NURSE,62cd0ce286b0448a549eab74
F,Veda Pfeffer,62cba98080e2da8f01b99211,PEDIATRICS,62cd0ce286b0448a549eab75
M,Oscar Mateo,62cba98080e2da8f01b99211,NURSE,62cd0ce286b0448a549eab76
M,Wayne Mertz,62cba98080e2da8f01b99211,GENERAL MEDICINE,62cd0ce286b0448a549eab77
M,Vern Powlowski,62cba98080e2da8f01b99212,CLINICIAN,62cd0ce286b0448a549eab78
F,Crista Keebler,62cba98080e2da8f01b99212,GENERAL MEDICINE,62cd0ce286b0448a549eab79
F,Brittani Satterfield,62cba98080e2da8f01b99212,OPTOMETRY,62cd0ce286b0448a549eab7a
F,Myong Heidenreich,62cba98080e2da8f01b99212,PSYCHOLOGIST,62cd0ce286b0448a549eab7b
F,Cheree Cassin,62cba98080e2da8f01b99212,CHIROPRACTIC,62cd0ce286b0448a549eab7c
M,Mohammed Parisian,62cba98080e2da8f01b99212,NURSE,62cd0ce286b0448a549eab7d
F,Judith Johns,62cba98080e2da8f01b99212,PEDIATRICS,62cd0ce286b0448a549eab7e
M,Jeramy Littel,62cba98080e2da8f01b99212,NURSE,62cd0ce286b0448a549eab7f
M,Clint Goldner,62cba98080e2da8f01b99212,GENERAL MEDICINE,62cd0ce286b0448a549eab80
F,Pamelia Harber,62cba98080e2da8f01b99213,CLINICIAN,62cd0ce286b0448a549eab81
M,Jamie Eichmann,62cba98080e2da8f01b99213,GENERAL MEDICINE,62cd0ce286b0448a549eab82
F,Lonna Dietrich,62cba98080e2da8f01b99213,OPTOMETRY,62cd0ce286b0448a549eab83
M,Lon Lind,62cba98080e2da8f01b99213,PSYCHOLOGIST,62cd0ce286b0448a549eab84
F,Tressa Kovacek,62cba98080e2da8f01b99213,CHIROPRACTIC,62cd0ce286b0448a549eab85
F,Edie Howell,62cba98080e2da8f01b99213,NURSE,62cd0ce286b0448a549eab86
F,Maile Frami,62cba98080e2da8f01b99213,PEDIATRICS,62cd0ce286b0448a549eab87
F,Vertie Towne,62cba98080e2da8f01b99213,NURSE,62cd0ce286b0448a549eab88
M,Sanford Gottlieb,62cba98080e2da8f01b99213,GENERAL MEDICINE,62cd0ce286b0448a549eab89
F,Kasi Hickle,62cba98080e2da8f01b99214,CLINICIAN,62cd0ce286b0448a549eab8a
F,Leola Tremblay,62cba98080e2da8f01b99214,GENERAL MEDICINE,62cd0ce286b0448a549eab8b
F,Shaunte Bergstrom,62cba98080e2da8f01b99214,OPTOMETRY,62cd0ce286b0448a549eab8c
F,Rivka Sanford,62cba98080e2da8f01b99214,PSYCHOLOGIST,62cd0ce286b0448a549eab8d
M,Luke Rath,62cba98080e2da8f01b99214,CHIROPRACTIC,62cd0ce286b0448a549eab8e
F,Donita Ward,62cba98080e2da8f01b99214,NURSE,62cd0ce286b0448a549eab8f
F,Darlena Pfannerstill,62cba98080e2da8f01b99214,PEDIATRICS,62cd0ce286b0448a549eab90
F,Zana Considine,62cba98080e2da8f01b99214,NURSE,62cd0ce286b0448a549eab91
F,Keri Schmidt,62cba98080e2da8f01b99214,GENERAL MEDICINE,62cd0ce286b0448a549eab92
F,Ashlea Funk,62cba98080e2da8f01b99215,CLINICIAN,62cd0ce286b0448a549eab93
M,Bryant Murazik,62cba98080e2da8f01b99215,GENERAL MEDICINE,62cd0ce286b0448a549eab94
F,Eunice Kertzmann,62cba98080e2da8f01b99215,OPTOMETRY,62cd0ce286b0448a549eab95
F,Yaeko Stanton,62cba98080e2da8f01b99215,PSYCHOLOGIST,62cd0ce286b0448a549eab96
M,Quincy Heathcote,62cba98080e2da8f01b99215,CHIROPRACTIC,62cd0ce286b0448a549eab97
M,Kyle Tremblay,62cba98080e2da8f01b99215,NURSE,62cd0ce286b0448a549eab98
F,Tisha Dickens,62cba98080e2da8f01b99215,PEDIATRICS,62cd0ce286b0448a549eab99
F,Catalina Olivo,62cba98080e2da8f01b99215,NURSE,62cd0ce286b0448a549eab9a
F,Carolyne Howell,62cba98080e2da8f01b99215,GENERAL MEDICINE,62cd0ce286b0448a549eab9b
M,Tomas Sauer,62cba98080e2da8f01b99216,CLINICIAN,62cd0ce286b0448a549eab9c
F,Suzette Monahan,62cba98080e2da8f01b99216,GENERAL MEDICINE,62cd0ce286b0448a549eab9d
F,Gaynell Streich,62cba98080e2da8f01b99216,OPTOMETRY,62cd0ce286b0448a549eab9e
F,Jeanmarie Beatty,62cba98080e2da8f01b99216,PSYCHOLOGIST,62cd0ce286b0448a549eab9f
M,Phillip Mc,62cba98080e2da8f01b99216,CHIROPRACTIC,62cd0ce286b0448a549eaba0
F,Guadalupe Valenzuela,62cba98080e2da8f01b99216,NURSE,62cd0ce286b0448a549eaba1
M,Von Mraz,62cba98080e2da8f01b99216,PEDIATRICS,62cd0ce286b0448a549eaba2
M,Terry Wiegand,62cba98080e2da8f01b99216,NURSE,62cd0ce286b0448a549eaba3
F,Tiana Blick,62cba98080e2da8f01b99216,GENERAL MEDICINE,62cd0ce286b0448a549eaba4
M,Garth Wyman,62cba98080e2da8f01b99217,CLINICIAN,62cd0ce286b0448a549eaba5
F,Leonor Najera,62cba98080e2da8f01b99217,GENERAL MEDICINE,62cd0ce286b0448a549eaba6
F,Devora Sipes,62cba98080e2da8f01b99217,OPTOMETRY,62cd0ce286b0448a549eaba7
M,Lynwood Monahan,62cba98080e2da8f01b99217,PSYCHOLOGIST,62cd0ce286b0448a549eaba8
F,Mari Reynolds,62cba98080e2da8f01b99217,CHIROPRACTIC,62cd0ce286b0448a549eaba9
M,Benton Becker,62cba98080e2da8f01b99217,NURSE,62cd0ce286b0448a549eabaa
M,Jes Quiroz,62cba98080e2da8f01b99217,PEDIATRICS,62cd0ce286b0448a549eabab
M,Jacob Borer,62cba98080e2da8f01b99217,NURSE,62cd0ce286b0448a549eabac
F,Gertrudis Schaden,62cba98080e2da8f01b99217,GENERAL MEDICINE,62cd0ce286b0448a549eabad
F,Malinda Cassin,62cba98080e2da8f01b99218,CLINICIAN,62cd0ce286b0448a549eabae
M,Hassan Rath,62cba98080e2da8f01b99218,GENERAL MEDICINE,62cd0ce286b0448a549eabaf
M,#N/A,62cba98080e2da8f01b99218,OPTOMETRY,62cd0ce286b0448a549eabb0
M,Wayne Mertz,62cba98080e2da8f01b99218,PSYCHOLOGIST,62cd0ce286b0448a549eabb1
M,Vern Powlowski,62cba98080e2da8f01b99218,CHIROPRACTIC,62cd0ce286b0448a549eabb2
F,Tiana Blick,62cba98080e2da8f01b99218,NURSE,62cd0ce286b0448a549eabb3
F,Colby Schowalter,62cba98080e2da8f01b99218,PEDIATRICS,62cd0ce286b0448a549eabb4
M,Garth Wyman,62cba98080e2da8f01b99218,NURSE,62cd0ce286b0448a549eabb5
F,Leonor Njera,62cba98080e2da8f01b99218,GENERAL MEDICINE,62cd0ce286b0448a549eabb6
F,Devora Sipes,62cba98080e2da8f01b99219,CLINICIAN,62cd0ce286b0448a549eabb7
M,Lynwood Monahan,62cba98080e2da8f01b99219,GENERAL MEDICINE,62cd0ce286b0448a549eabb8
F,Mari Reynolds,62cba98080e2da8f01b99219,OPTOMETRY,62cd0ce286b0448a549eabb9
M,Vern Powlowski,62cba98080e2da8f01b99219,PSYCHOLOGIST,62cd0ce286b0448a549eabba
F,Crista Keebler,62cba98080e2da8f01b99219,CHIROPRACTIC,62cd0ce286b0448a549eabbb
F,Brittani Satterfield,62cba98080e2da8f01b99219,NURSE,62cd0ce286b0448a549eabbc
F,Myong Heidenreich,62cba98080e2da8f01b99219,PEDIATRICS,62cd0ce286b0448a549eabbd
F,Cheree Cassin,62cba98080e2da8f01b99219,NURSE,62cd0ce286b0448a549eabbe
M,Mohammed Parisian,62cba98080e2da8f01b99219,GENERAL MEDICINE,62cd0ce286b0448a549eabbf
F,Judith Johns,62cba98080e2da8f01b9921a,CLINICIAN,62cd0ce286b0448a549eabc0
M,Glenn Monahan,62cba98080e2da8f01b9921a,GENERAL MEDICINE,62cd0ce286b0448a549eabc1
F,Dorthy Volkman,62cba98080e2da8f01b9921a,OPTOMETRY,62cd0ce286b0448a549eabc2
F,Jude Quigley,62cba98080e2da8f01b9921a,PSYCHOLOGIST,62cd0ce286b0448a549eabc3
F,Dorcas Skiles,62cba98080e2da8f01b9921a,CHIROPRACTIC,62cd0ce286b0448a549eabc4
M,Jonah Conner,62cba98080e2da8f01b9921a,NURSE,62cd0ce286b0448a549eabc5
M,Arron Walker,62cba98080e2da8f01b9921a,PEDIATRICS,62cd0ce286b0448a549eabc6
M,Phil Grimes,62cba98080e2da8f01b9921a,NURSE,62cd0ce286b0448a549eabc7
M,Albert Mertz,62cba98080e2da8f01b9921a,GENERAL MEDICINE,62cd0ce286b0448a549eabc8
F,Alita Buckridge,62cba98080e2da8f01b9921b,CLINICIAN,62cd0ce286b0448a549eabc9
F,Earnestine Herzog,62cba98080e2da8f01b9921b,GENERAL MEDICINE,62cd0ce286b0448a549eabca
F,Katlyn Koelpin,62cba98080e2da8f01b9921b,OPTOMETRY,62cd0ce286b0448a549eabcb
F,Dolores Aguilera,62cba98080e2da8f01b9921b,PSYCHOLOGIST,62cd0ce286b0448a549eabcc
M,Rey Ondricka,62cba98080e2da8f01b9921b,CHIROPRACTIC,62cd0ce286b0448a549eabcd
M,Mikel Olson,62cba98080e2da8f01b9921b,NURSE,62cd0ce286b0448a549eabce
M,Marcelino Jakubowski,62cba98080e2da8f01b9921b,PEDIATRICS,62cd0ce286b0448a549eabcf
M,Norris Schaefer,62cba98080e2da8f01b9921b,NURSE,62cd0ce286b0448a549eabd0
M,Edwardo Bailey,62cba98080e2da8f01b9921b,GENERAL MEDICINE,62cd0ce286b0448a549eabd1
F,Mitsuko Romaguera,62cba98080e2da8f01b9921c,CLINICIAN,62cd0ce286b0448a549eabd2
M,Heath Grady,62cba98080e2da8f01b9921c,GENERAL MEDICINE,62cd0ce286b0448a549eabd3
M,Lindsey Von,62cba98080e2da8f01b9921c,OPTOMETRY,62cd0ce286b0448a549eabd4
F,Otelia Beatty,62cba98080e2da8f01b9921c,PSYCHOLOGIST,62cd0ce286b0448a549eabd5
F,Beaulah Gerlach,62cba98080e2da8f01b9921c,CHIROPRACTIC,62cd0ce286b0448a549eabd6
F,Rebeca Caldera,62cba98080e2da8f01b9921c,NURSE,62cd0ce286b0448a549eabd7
F,Johnetta Stroman,62cba98080e2da8f01b9921c,PEDIATRICS,62cd0ce286b0448a549eabd8
F,Meryl Lowe,62cba98080e2da8f01b9921c,NURSE,62cd0ce286b0448a549eabd9
M,Dominic Abshire,62cba98080e2da8f01b9921c,GENERAL MEDICINE,62cd0ce286b0448a549eabda
F,Tresa Cole,62cba98080e2da8f01b9921d,CLINICIAN,62cd0ce286b0448a549eabdb
F,Harmony Wyman,62cba98080e2da8f01b9921d,GENERAL MEDICINE,62cd0ce286b0448a549eabdc
F,Ethelyn Cassin,62cba98080e2da8f01b9921d,OPTOMETRY,62cd0ce286b0448a549eabdd
F,Charissa Ledner,62cba98080e2da8f01b9921d,PSYCHOLOGIST,62cd0ce286b0448a549eabde
M,Nathanael Ledner,62cba98080e2da8f01b9921d,CHIROPRACTIC,62cd0ce286b0448a549eabdf
F,Saundra Beer,62cba98080e2da8f01b9921d,NURSE,62cd0ce286b0448a549eabe0
M,Percy Swaniawski,62cba98080e2da8f01b9921d,PEDIATRICS,62cd0ce286b0448a549eabe1
M,Berry Bartoletti,62cba98080e2da8f01b9921d,NURSE,62cd0ce286b0448a549eabe2
M,Dewitt Mills,62cba98080e2da8f01b9921d,GENERAL MEDICINE,62cd0ce286b0448a549eabe3
M,Cecil Schmeler,62cba98080e2da8f01b9921e,CLINICIAN,62cd0ce286b0448a549eabe4
F,Amina Smith,62cba98080e2da8f01b9921e,GENERAL MEDICINE,62cd0ce286b0448a549eabe5
F,Delcie Stroman,62cba98080e2da8f01b9921e,OPTOMETRY,62cd0ce286b0448a549eabe6
F,Miesha Lindgren,62cba98080e2da8f01b9921e,PSYCHOLOGIST,62cd0ce286b0448a549eabe7
M,Marvin Purdy,62cba98080e2da8f01b9921e,CHIROPRACTIC,62cd0ce286b0448a549eabe8
M,Johnnie Du,62cba98080e2da8f01b9921e,NURSE,62cd0ce286b0448a549eabe9
F,Marianna Collins,62cba98080e2da8f01b9921e,PEDIATRICS,62cd0ce286b0448a549eabea
M,Lindsey Bechtelar,62cba98080e2da8f01b9921e,NURSE,62cd0ce286b0448a549eabeb
F,Myrtle Nienow,62cba98080e2da8f01b9921e,GENERAL MEDICINE,62cd0ce286b0448a549eabec
F,Melodi Stehr,62cba98080e2da8f01b9921f,CLINICIAN,62cd0ce286b0448a549eabed
M,Tommie Mills,62cba98080e2da8f01b9921f,GENERAL MEDICINE,62cd0ce286b0448a549eabee
F,Karry Terry,62cba98080e2da8f01b9921f,OPTOMETRY,62cd0ce286b0448a549eabef
F,Jaquelyn Bergstrom,62cba98080e2da8f01b9921f,PSYCHOLOGIST,62cd0ce286b0448a549eabf0
M,Bennie Brekke,62cba98080e2da8f01b9921f,CHIROPRACTIC,62cd0ce286b0448a549eabf1
M,Nigel Lueilwitz,62cba98080e2da8f01b9921f,NURSE,62cd0ce286b0448a549eabf2
F,Lorina Stroman,62cba98080e2da8f01b9921f,PEDIATRICS,62cd0ce286b0448a549eabf3
F,Sydney Roob,62cba98080e2da8f01b9921f,NURSE,62cd0ce286b0448a549eabf4
M,Rich Wilkinson,62cba98080e2da8f01b9921f,GENERAL MEDICINE,62cd0ce286b0448a549eabf5
F,Bernadine Gleichner,62cba98080e2da8f01b99220,CLINICIAN,62cd0ce286b0448a549eabf6
F,Charline Gerlach,62cba98080e2da8f01b99220,GENERAL MEDICINE,62cd0ce286b0448a549eabf7
F,Lavinia Roob,62cba98080e2da8f01b99220,OPTOMETRY,62cd0ce286b0448a549eabf8
F,Michaela Will,62cba98080e2da8f01b99220,PSYCHOLOGIST,62cd0ce286b0448a549eabf9
M,Clifford Kuhn,62cba98080e2da8f01b99220,CHIROPRACTIC,62cd0ce286b0448a549eabfa
F,Raquel Oquendo,62cba98080e2da8f01b99220,NURSE,62cd0ce286b0448a549eabfb
F,Delisa Schoen,62cba98080e2da8f01b99220,PEDIATRICS,62cd0ce286b0448a549eabfc
F,Latosha Feil,62cba98080e2da8f01b99220,NURSE,62cd0ce286b0448a549eabfd
M,Danny Wilderman,62cba98080e2da8f01b99220,GENERAL MEDICINE,62cd0ce286b0448a549eabfe
F,Rosamond Borer,62cba98080e2da8f01b99221,CLINICIAN,62cd0ce286b0448a549eabff
F,Cira Corwin,62cba98080e2da8f01b99221,GENERAL MEDICINE,62cd0ce286b0448a549eac00
M,Ward Mertz,62cba98080e2da8f01b99221,OPTOMETRY,62cd0ce286b0448a549eac01
F,Nova Funk,62cba98080e2da8f01b99221,PSYCHOLOGIST,62cd0ce286b0448a549eac02
F,Yee Yost,62cba98080e2da8f01b99221,CHIROPRACTIC,62cd0ce286b0448a549eac03
F,Laurence Adams,62cba98080e2da8f01b99221,NURSE,62cd0ce286b0448a549eac04
M,Lamont Lueilwitz,62cba98080e2da8f01b99221,PEDIATRICS,62cd0ce286b0448a549eac05
M,Zack Grady,62cba98080e2da8f01b99221,NURSE,62cd0ce286b0448a549eac06
F,Fumiko Gottlieb,62cba98080e2da8f01b99221,GENERAL MEDICINE,62cd0ce286b0448a549eac07
M,Samuel Morar,62cba98080e2da8f01b99222,CLINICIAN,62cd0ce286b0448a549eac08
M,Waylon Runolfsson,62cba98080e2da8f01b99222,GENERAL MEDICINE,62cd0ce286b0448a549eac09
M,Lucio Robel,62cba98080e2da8f01b99222,OPTOMETRY,62cd0ce286b0448a549eac0a
M,Leif Grant,62cba98080e2da8f01b99222,PSYCHOLOGIST,62cd0ce286b0448a549eac0b
M,Quinton Klocko,62cba98080e2da8f01b99222,CHIROPRACTIC,62cd0ce286b0448a549eac0c
F,Jinny Conroy,62cba98080e2da8f01b99222,NURSE,62cd0ce286b0448a549eac0d
F,Jason Streich,62cba98080e2da8f01b99222,PEDIATRICS,62cd0ce286b0448a549eac0e
F,Raye Wyman,62cba98080e2da8f01b99222,NURSE,62cd0ce286b0448a549eac0f
F,Florinda Schimmel,62cba98080e2da8f01b99222,GENERAL MEDICINE,62cd0ce286b0448a549eac10
F,Lyndia Hettinger,62cba98080e2da8f01b99223,CLINICIAN,62cd0ce286b0448a549eac11
M,Geraldo Kiehn,62cba98080e2da8f01b99223,GENERAL MEDICINE,62cd0ce286b0448a549eac12
F,Michell Friesen,62cba98080e2da8f01b99223,OPTOMETRY,62cd0ce286b0448a549eac13
F,Emilee Runolfsdottir,62cba98080e2da8f01b99223,PSYCHOLOGIST,62cd0ce286b0448a549eac14
M,Matt Bartell,62cba98080e2da8f01b99223,CHIROPRACTIC,62cd0ce286b0448a549eac15
M,Kent Morar,62cba98080e2da8f01b99223,NURSE,62cd0ce286b0448a549eac16
M,Harley Bins,62cba98080e2da8f01b99223,PEDIATRICS,62cd0ce286b0448a549eac17
M,Lesley Murazik,62cba98080e2da8f01b99223,NURSE,62cd0ce286b0448a549eac18
M,Buford Toy,62cba98080e2da8f01b99223,GENERAL MEDICINE,62cd0ce286b0448a549eac19
F,Randa Leuschke,62cba98080e2da8f01b99224,CLINICIAN,62cd0ce286b0448a549eac1a
F,Chere Greenfelder,62cba98080e2da8f01b99224,GENERAL MEDICINE,62cd0ce286b0448a549eac1b
M,Reggie Mitchell,62cba98080e2da8f01b99224,OPTOMETRY,62cd0ce286b0448a549eac1c
M,Homer Wiegand,62cba98080e2da8f01b99224,PSYCHOLOGIST,62cd0ce286b0448a549eac1d
F,Ferne Hudson,62cba98080e2da8f01b99224,CHIROPRACTIC,62cd0ce286b0448a549eac1e
F,Paige Goodwin,62cba98080e2da8f01b99224,NURSE,62cd0ce286b0448a549eac1f
M,Royce Green,62cba98080e2da8f01b99224,PEDIATRICS,62cd0ce286b0448a549eac20
F,Myrl Eichmann,62cba98080e2da8f01b99224,NURSE,62cd0ce286b0448a549eac21
F,So Legros,62cba98080e2da8f01b99224,GENERAL MEDICINE,62cd0ce286b0448a549eac22
F,Armida Huel,62cba98080e2da8f01b99225,CLINICIAN,62cd0ce286b0448a549eac23
M,Gale Jacobi,62cba98080e2da8f01b99225,GENERAL MEDICINE,62cd0ce286b0448a549eac24
M,Rayford Wisozk,62cba98080e2da8f01b99225,OPTOMETRY,62cd0ce286b0448a549eac25
M,Sergio Dooley,62cba98080e2da8f01b99225,PSYCHOLOGIST,62cd0ce286b0448a549eac26
F,Kasi Wolff,62cba98080e2da8f01b99225,CHIROPRACTIC,62cd0ce286b0448a549eac27
M,Anton Gibson,62cba98080e2da8f01b99225,NURSE,62cd0ce286b0448a549eac28
M,Felton Glover,62cba98080e2da8f01b99225,PEDIATRICS,62cd0ce286b0448a549eac29
M,Juan Connelly,62cba98080e2da8f01b99225,NURSE,62cd0ce286b0448a549eac2a
F,Ofelia Skiles,62cba98080e2da8f01b99225,GENERAL MEDICINE,62cd0ce286b0448a549eac2b
F,Vivien Leffler,62cba98080e2da8f01b99226,CLINICIAN,62cd0ce286b0448a549eac2c
F,Benita Boehm,62cba98080e2da8f01b99226,GENERAL MEDICINE,62cd0ce286b0448a549eac2d
M,Aurelio Nicolas,62cba98080e2da8f01b99226,OPTOMETRY,62cd0ce286b0448a549eac2e
M,Arnoldo Carter,62cba98080e2da8f01b99226,PSYCHOLOGIST,62cd0ce286b0448a549eac2f
F,Micheal Deckow,62cba98080e2da8f01b99226,CHIROPRACTIC,62cd0ce286b0448a549eac30
F,Sharen Mc,62cba98080e2da8f01b99226,NURSE,62cd0ce286b0448a549eac31
F,Pamala Collier,62cba98080e2da8f01b99226,PEDIATRICS,62cd0ce286b0448a549eac32
F,Dorene Kessler,62cba98080e2da8f01b99226,NURSE,62cd0ce286b0448a549eac33
M,Horace Collier,62cba98080e2da8f01b99226,GENERAL MEDICINE,62cd0ce286b0448a549eac34
M,Victor Fadel,62cba98080e2da8f01b99227,CLINICIAN,62cd0ce286b0448a549eac35
M,Bart Jenkins,62cba98080e2da8f01b99227,GENERAL MEDICINE,62cd0ce286b0448a549eac36
M,Mac Stroman,62cba98080e2da8f01b99227,OPTOMETRY,62cd0ce286b0448a549eac37
F,Camille Erdman,62cba98080e2da8f01b99227,PSYCHOLOGIST,62cd0ce286b0448a549eac38
M,Norbert Murphy,62cba98080e2da8f01b99227,CHIROPRACTIC,62cd0ce286b0448a549eac39
F,Lai Friesen,62cba98080e2da8f01b99227,NURSE,62cd0ce286b0448a549eac3a
F,Adela Chapa,62cba98080e2da8f01b99227,PEDIATRICS,62cd0ce286b0448a549eac3b
F,Deloris Zemlak,62cba98080e2da8f01b99227,NURSE,62cd0ce286b0448a549eac3c
F,Caroyln Hyatt,62cba98080e2da8f01b99227,GENERAL MEDICINE,62cd0ce286b0448a549eac3d
F,Jeanelle Wyman,62cba98080e2da8f01b99228,CLINICIAN,62cd0ce286b0448a549eac3e
M,Jere Waelchi,62cba98080e2da8f01b99228,GENERAL MEDICINE,62cd0ce286b0448a549eac3f
F,Maribel Reilly,62cba98080e2da8f01b99228,OPTOMETRY,62cd0ce286b0448a549eac40
F,Carmelina Wisozk,62cba98080e2da8f01b99228,PSYCHOLOGIST,62cd0ce286b0448a549eac41
F,Lavinia Douglas,62cba98080e2da8f01b99228,CHIROPRACTIC,62cd0ce286b0448a549eac42
F,Jackeline Schmitt,62cba98080e2da8f01b99228,NURSE,62cd0ce286b0448a549eac43
M,Curtis Hamill,62cba98080e2da8f01b99228,PEDIATRICS,62cd0ce286b0448a549eac44
M,Ezequiel Hoeger,62cba98080e2da8f01b99228,NURSE,62cd0ce286b0448a549eac45
M,Daron Berge,62cba98080e2da8f01b99228,GENERAL MEDICINE,62cd0ce286b0448a549eac46
M,Bruno Smitham,62cba98080e2da8f01b99229,CLINICIAN,62cd0ce286b0448a549eac47
F,Suanne Douglas,62cba98080e2da8f01b99229,GENERAL MEDICINE,62cd0ce286b0448a549eac48
F,Corrina Pacocha,62cba98080e2da8f01b99229,OPTOMETRY,62cd0ce286b0448a549eac49
M,Don Denesik,62cba98080e2da8f01b99229,PSYCHOLOGIST,62cd0ce286b0448a549eac4a
M,Numbers Tillman,62cba98080e2da8f01b99229,CHIROPRACTIC,62cd0ce286b0448a549eac4b
F,Reyna Keeling,62cba98080e2da8f01b99229,NURSE,62cd0ce286b0448a549eac4c
M,Elvis Hartmann,62cba98080e2da8f01b99229,PEDIATRICS,62cd0ce286b0448a549eac4d
M,Abdul Volkman,62cba98080e2da8f01b99229,NURSE,62cd0ce286b0448a549eac4e
F,Noriko Anderson,62cba98080e2da8f01b99229,GENERAL MEDICINE,62cd0ce286b0448a549eac4f
F,Zaida Treutel,62cba98080e2da8f01b9922a,CLINICIAN,62cd0ce286b0448a549eac50
F,Conchita Tejada,62cba98080e2da8f01b9922a,GENERAL MEDICINE,62cd0ce286b0448a549eac51
F,Tu Witting,62cba98080e2da8f01b9922a,OPTOMETRY,62cd0ce286b0448a549eac52
F,Shawnee Zieme,62cba98080e2da8f01b9922a,PSYCHOLOGIST,62cd0ce286b0448a549eac53
F,Britta Stokes,62cba98080e2da8f01b9922a,CHIROPRACTIC,62cd0ce286b0448a549eac54
M,Mario Guerra,62cba98080e2da8f01b9922a,NURSE,62cd0ce286b0448a549eac55
F,Blanca Feliciano,62cba98080e2da8f01b9922a,PEDIATRICS,62cd0ce286b0448a549eac56
F,Alecia Welch,62cba98080e2da8f01b9922a,NURSE,62cd0ce286b0448a549eac57
M,Buster Ferry,62cba98080e2da8f01b9922a,GENERAL MEDICINE,62cd0ce286b0448a549eac58
M,Buddy Schinner,62cba98080e2da8f01b9922b,CLINICIAN,62cd0ce286b0448a549eac59
F,Kimberely Beatty,62cba98080e2da8f01b9922b,GENERAL MEDICINE,62cd0ce286b0448a549eac5a
F,Latashia Glover,62cba98080e2da8f01b9922b,OPTOMETRY,62cd0ce286b0448a549eac5b
F,Marylee Reynolds,62cba98080e2da8f01b9922b,PSYCHOLOGIST,62cd0ce286b0448a549eac5c
F,Kathyrn Weimann,62cba98080e2da8f01b9922b,CHIROPRACTIC,62cd0ce286b0448a549eac5d
M,Dewayne Rosenbaum,62cba98080e2da8f01b9922b,NURSE,62cd0ce286b0448a549eac5e
M,Rory Kuvalis,62cba98080e2da8f01b9922b,PEDIATRICS,62cd0ce286b0448a549eac5f
F,Geralyn Mitchell,62cba98080e2da8f01b9922b,NURSE,62cd0ce286b0448a549eac60
M,Steven Greenfelder,62cba98080e2da8f01b9922b,GENERAL MEDICINE,62cd0ce286b0448a549eac61
F,Haley Effertz,62cba98080e2da8f01b9922c,CLINICIAN,62cd0ce286b0448a549eac62
F,Estefana Emmerich,62cba98080e2da8f01b9922c,GENERAL MEDICINE,62cd0ce286b0448a549eac63
M,Lenny Dare,62cba98080e2da8f01b9922c,OPTOMETRY,62cd0ce286b0448a549eac64
F,Leilani Stoltenberg,62cba98080e2da8f01b9922c,PSYCHOLOGIST,62cd0ce286b0448a549eac65
F,Willie Kessler,62cba98080e2da8f01b9922c,CHIROPRACTIC,62cd0ce286b0448a549eac66
M,Brendon Bailey,62cba98080e2da8f01b9922c,NURSE,62cd0ce286b0448a549eac67
M,Chad Sawayn,62cba98080e2da8f01b9922c,PEDIATRICS,62cd0ce286b0448a549eac68
F,Antonietta Reilly,62cba98080e2da8f01b9922c,NURSE,62cd0ce286b0448a549eac69
M,Alexander Koch,62cba98080e2da8f01b9922c,GENERAL MEDICINE,62cd0ce286b0448a549eac6a
M,Raphael Connelly,62cba98080e2da8f01b9922d,CLINICIAN,62cd0ce286b0448a549eac6b
F,Lucienne Hudson,62cba98080e2da8f01b9922d,GENERAL MEDICINE,62cd0ce286b0448a549eac6c
M,Michel Reichel,62cba98080e2da8f01b9922d,OPTOMETRY,62cd0ce286b0448a549eac6d
M,Harold Kessler,62cba98080e2da8f01b9922d,PSYCHOLOGIST,62cd0ce286b0448a549eac6e
F,Arcelia Gottlieb,62cba98080e2da8f01b9922d,CHIROPRACTIC,62cd0ce286b0448a549eac6f
M,Earl Fahey,62cba98080e2da8f01b9922d,NURSE,62cd0ce286b0448a549eac70
M,Darrel Lang,62cba98080e2da8f01b9922d,PEDIATRICS,62cd0ce286b0448a549eac71
F,Roxanna Crist,62cba98080e2da8f01b9922d,NURSE,62cd0ce286b0448a549eac72
F,Joleen Oberbrunner,62cba98080e2da8f01b9922d,GENERAL MEDICINE,62cd0ce286b0448a549eac73
F,Darcey Miller,62cba98080e2da8f01b9922e,CLINICIAN,62cd0ce286b0448a549eac74
M,Gerard Schaefer,62cba98080e2da8f01b9922e,GENERAL MEDICINE,62cd0ce286b0448a549eac75
M,Hassan Kessler,62cba98080e2da8f01b9922e,OPTOMETRY,62cd0ce286b0448a549eac76
F,Mickie Greenholt,62cba98080e2da8f01b9922e,PSYCHOLOGIST,62cd0ce286b0448a549eac77
F,Alia Adams,62cba98080e2da8f01b9922e,CHIROPRACTIC,62cd0ce286b0448a549eac78
M,Andr Sauceda,62cba98080e2da8f01b9922e,NURSE,62cd0ce286b0448a549eac79
M,Haywood Gleichner,62cba98080e2da8f01b9922e,PEDIATRICS,62cd0ce286b0448a549eac7a
M,Kurtis Schulist,62cba98080e2da8f01b9922e,NURSE,62cd0ce286b0448a549eac7b
F,Gemma Effertz,62cba98080e2da8f01b9922e,GENERAL MEDICINE,62cd0ce286b0448a549eac7c
F,Louvenia Botsford,62cba98080e2da8f01b9922f,CLINICIAN,62cd0ce286b0448a549eac7d
F,Indira Willms,62cba98080e2da8f01b9922f,GENERAL MEDICINE,62cd0ce286b0448a549eac7e
M,Maximo Carter,62cba98080e2da8f01b9922f,OPTOMETRY,62cd0ce286b0448a549eac7f
F,Dotty Considine,62cba98080e2da8f01b9922f,PSYCHOLOGIST,62cd0ce286b0448a549eac80
F,Rosalba Greenfelder,62cba98080e2da8f01b9922f,CHIROPRACTIC,62cd0ce286b0448a549eac81
M,Augustine Fisher,62cba98080e2da8f01b9922f,NURSE,62cd0ce286b0448a549eac82
F,Dahlia Renner,62cba98080e2da8f01b9922f,PEDIATRICS,62cd0ce286b0448a549eac83
F,Palma Morar,62cba98080e2da8f01b9922f,NURSE,62cd0ce286b0448a549eac84
F,Kathlyn Borer,62cba98080e2da8f01b9922f,GENERAL MEDICINE,62cd0ce286b0448a549eac85
M,Moses Schmitt,62cba98080e2da8f01b99230,CLINICIAN,62cd0ce286b0448a549eac86
M,Thad Osinski,62cba98080e2da8f01b99230,GENERAL MEDICINE,62cd0ce286b0448a549eac87
F,Della Steuber,62cba98080e2da8f01b99230,OPTOMETRY,62cd0ce286b0448a549eac88
M,Alfred Weber,62cba98080e2da8f01b99230,PSYCHOLOGIST,62cd0ce286b0448a549eac89
F,Kathe Conner,62cba98080e2da8f01b99230,CHIROPRACTIC,62cd0ce286b0448a549eac8a
F,Zaida Auer,62cba98080e2da8f01b99230,NURSE,62cd0ce286b0448a549eac8b
F,Joan Trantow,62cba98080e2da8f01b99230,PEDIATRICS,62cd0ce286b0448a549eac8c
F,Kelly Boyle,62cba98080e2da8f01b99230,NURSE,62cd0ce286b0448a549eac8d
M,Homero Zuniga,62cba98080e2da8f01b99230,GENERAL MEDICINE,62cd0ce286b0448a549eac8e
M,Fernando Sierra,62cba98080e2da8f01b99231,CLINICIAN,62cd0ce286b0448a549eac8f
F,Lavera Flatley,62cba98080e2da8f01b99231,GENERAL MEDICINE,62cd0ce286b0448a549eac90
M,Elton Von,62cba98080e2da8f01b99231,OPTOMETRY,62cd0ce286b0448a549eac91
F,Yasmine Boehm,62cba98080e2da8f01b99231,PSYCHOLOGIST,62cd0ce286b0448a549eac92
M,Edmundo Bauch,62cba98080e2da8f01b99231,CHIROPRACTIC,62cd0ce286b0448a549eac93
F,Alaine Gusikowski,62cba98080e2da8f01b99231,NURSE,62cd0ce286b0448a549eac94
F,Crissy Connell,62cba98080e2da8f01b99231,PEDIATRICS,62cd0ce286b0448a549eac95
M,Carlos Bins,62cba98080e2da8f01b99231,NURSE,62cd0ce286b0448a549eac96
F,Rosalind Kutch,62cba98080e2da8f01b99231,GENERAL MEDICINE,62cd0ce286b0448a549eac97
F,Dena Rau,62cba98080e2da8f01b99232,CLINICIAN,62cd0ce286b0448a549eac98
F,Hildred Wunsch,62cba98080e2da8f01b99232,GENERAL MEDICINE,62cd0ce286b0448a549eac99
F,Cathi Gulgowski,62cba98080e2da8f01b99232,OPTOMETRY,62cd0ce286b0448a549eac9a
M,Jeff Waters,62cba98080e2da8f01b99232,PSYCHOLOGIST,62cd0ce286b0448a549eac9b
M,Graham Volkman,62cba98080e2da8f01b99232,CHIROPRACTIC,62cd0ce286b0448a549eac9c
F,Marianela Anderson,62cba98080e2da8f01b99232,NURSE,62cd0ce286b0448a549eac9d
F,Glory Hickle,62cba98080e2da8f01b99232,PEDIATRICS,62cd0ce286b0448a549eac9e
F,Hae Ruecker,62cba98080e2da8f01b99232,NURSE,62cd0ce286b0448a549eac9f
M,Elijah Koepp,62cba98080e2da8f01b99232,GENERAL MEDICINE,62cd0ce286b0448a549eaca0
F,Ines Weber,62cba98080e2da8f01b99233,CLINICIAN,62cd0ce286b0448a549eaca1
M,Parker Grady,62cba98080e2da8f01b99233,GENERAL MEDICINE,62cd0ce286b0448a549eaca2
M,Dante Howell,62cba98080e2da8f01b99233,OPTOMETRY,62cd0ce286b0448a549eaca3
M,Brandon Gerhold,62cba98080e2da8f01b99233,PSYCHOLOGIST,62cd0ce286b0448a549eaca4
F,Albertina Skiles,62cba98080e2da8f01b99233,CHIROPRACTIC,62cd0ce286b0448a549eaca5
F,Anika Wisozk,62cba98080e2da8f01b99233,NURSE,62cd0ce286b0448a549eaca6
M,Carroll Mc,62cba98080e2da8f01b99233,PEDIATRICS,62cd0ce286b0448a549eaca7
M,Earle Rice,62cba98080e2da8f01b99233,NURSE,62cd0ce286b0448a549eaca8
F,Toi Kulas,62cba98080e2da8f01b99233,GENERAL MEDICINE,62cd0ce286b0448a549eaca9
M,Noe Gutkowski,62cba98080e2da8f01b99234,CLINICIAN,62cd0ce286b0448a549eacaa
F,Billy Bahringer,62cba98080e2da8f01b99234,GENERAL MEDICINE,62cd0ce286b0448a549eacab
F,Marla Sanford,62cba98080e2da8f01b99234,OPTOMETRY,62cd0ce286b0448a549eacac
M,Olen Heathcote,62cba98080e2da8f01b99234,PSYCHOLOGIST,62cd0ce286b0448a549eacad
F,Karisa Stiedemann,62cba98080e2da8f01b99234,CHIROPRACTIC,62cd0ce286b0448a549eacae
M,Mariano West,62cba98080e2da8f01b99234,NURSE,62cd0ce286b0448a549eacaf
M,Felton Morar,62cba98080e2da8f01b99234,PEDIATRICS,62cd0ce286b0448a549eacb0
F,Ettie Schroeder,62cba98080e2da8f01b99234,NURSE,62cd0ce286b0448a549eacb1
F,Santina Klocko,62cba98080e2da8f01b99234,GENERAL MEDICINE,62cd0ce286b0448a549eacb2
F,Katherina Frami,62cba98080e2da8f01b99235,CLINICIAN,62cd0ce286b0448a549eacb3
M,Aubrey Greenfelder,62cba98080e2da8f01b99235,GENERAL MEDICINE,62cd0ce286b0448a549eacb4
F,Carla Koss,62cba98080e2da8f01b99235,OPTOMETRY,62cd0ce286b0448a549eacb5
M,Drew Kohler,62cba98080e2da8f01b99235,PSYCHOLOGIST,62cd0ce286b0448a549eacb6
M,Vicente Goodwin,62cba98080e2da8f01b99235,CHIROPRACTIC,62cd0ce286b0448a549eacb7
F,Dorris Herzog,62cba98080e2da8f01b99235,NURSE,62cd0ce286b0448a549eacb8
M,Nicol Caraballo,62cba98080e2da8f01b99235,PEDIATRICS,62cd0ce286b0448a549eacb9
M,Genaro Fay,62cba98080e2da8f01b99235,NURSE,62cd0ce286b0448a549eacba
F,Kristine Kirlin,62cba98080e2da8f01b99235,GENERAL MEDICINE,62cd0ce286b0448a549eacbb
F,Sharda Stark,62cba98080e2da8f01b99236,CLINICIAN,62cd0ce286b0448a549eacbc
F,Marguerite Koch,62cba98080e2da8f01b99236,GENERAL MEDICINE,62cd0ce286b0448a549eacbd
F,Lawanna Lueilwitz,62cba98080e2da8f01b99236,OPTOMETRY,62cd0ce286b0448a549eacbe
F,Misha Farrell,62cba98080e2da8f01b99236,PSYCHOLOGIST,62cd0ce286b0448a549eacbf
M,Theron Grady,62cba98080e2da8f01b99236,CHIROPRACTIC,62cd0ce286b0448a549eacc0
F,Amber Gutmann,62cba98080e2da8f01b99236,NURSE,62cd0ce286b0448a549eacc1
M,Carl Kuvalis,62cba98080e2da8f01b99236,PEDIATRICS,62cd0ce286b0448a549eacc2
M,Jorge Luis,62cba98080e2da8f01b99236,NURSE,62cd0ce286b0448a549eacc3
F,Vilma Becker,62cba98080e2da8f01b99236,GENERAL MEDICINE,62cd0ce286b0448a549eacc4
M,Delbert Connell,62cba98080e2da8f01b99237,CLINICIAN,62cd0ce286b0448a549eacc5
M,Rigoberto Kutch,62cba98080e2da8f01b99237,GENERAL MEDICINE,62cd0ce286b0448a549eacc6
F,Jesusa Rodriguez,62cba98080e2da8f01b99237,OPTOMETRY,62cd0ce286b0448a549eacc7
M,Zachariah Jacobs,62cba98080e2da8f01b99237,PSYCHOLOGIST,62cd0ce286b0448a549eacc8
M,Trevor Walsh,62cba98080e2da8f01b99237,CHIROPRACTIC,62cd0ce286b0448a549eacc9
M,Forrest Mitchell,62cba98080e2da8f01b99237,NURSE,62cd0ce286b0448a549eacca
F,Claudine Yost,62cba98080e2da8f01b99237,PEDIATRICS,62cd0ce286b0448a549eaccb
M,Norberto Kuhlman,62cba98080e2da8f01b99237,NURSE,62cd0ce286b0448a549eaccc
M,Nicolas Abernathy,62cba98080e2da8f01b99237,GENERAL MEDICINE,62cd0ce286b0448a549eaccd
M,Jess Bergnaum,62cba98080e2da8f01b99238,CLINICIAN,62cd0ce286b0448a549eacce
F,Grisel Wiegand,62cba98080e2da8f01b99238,GENERAL MEDICINE,62cd0ce286b0448a549eaccf
F,Catalina Montero,62cba98080e2da8f01b99238,OPTOMETRY,62cd0ce286b0448a549eacd0
M,Royal Bahringer,62cba98080e2da8f01b99238,PSYCHOLOGIST,62cd0ce286b0448a549eacd1
M,Morgan Legros,62cba98080e2da8f01b99238,CHIROPRACTIC,62cd0ce286b0448a549eacd2
M,Elmer Abbott,62cba98080e2da8f01b99238,NURSE,62cd0ce286b0448a549eacd3
M,Brooks Robel,62cba98080e2da8f01b99238,PEDIATRICS,62cd0ce286b0448a549eacd4
M,Trey Howe,62cba98080e2da8f01b99238,NURSE,62cd0ce286b0448a549eacd5
F,Tyesha Crist,62cba98080e2da8f01b99238,GENERAL MEDICINE,62cd0ce286b0448a549eacd6
F,Lee Little,62cba98080e2da8f01b99239,CLINICIAN,62cd0ce286b0448a549eacd7
M,Shane Schaden,62cba98080e2da8f01b99239,GENERAL MEDICINE,62cd0ce286b0448a549eacd8
F,Sharita Adams,62cba98080e2da8f01b99239,OPTOMETRY,62cd0ce286b0448a549eacd9
F,Audra Feest,62cba98080e2da8f01b99239,PSYCHOLOGIST,62cd0ce286b0448a549eacda
F,Mana Rodriguez,62cba98080e2da8f01b99239,CHIROPRACTIC,62cd0ce286b0448a549eacdb
F,Genevive Jacobi,62cba98080e2da8f01b99239,NURSE,62cd0ce286b0448a549eacdc
F,Luise Hermann,62cba98080e2da8f01b99239,PEDIATRICS,62cd0ce286b0448a549eacdd
M,Homero Moreno,62cba98080e2da8f01b99239,NURSE,62cd0ce286b0448a549eacde
M,Tyron Smith,62cba98080e2da8f01b99239,GENERAL MEDICINE,62cd0ce286b0448a549eacdf
F,Palma Marks,62cba98080e2da8f01b9923a,CLINICIAN,62cd0ce286b0448a549eace0
F,Willena Reynolds,62cba98080e2da8f01b9923a,GENERAL MEDICINE,62cd0ce286b0448a549eace1
M,Kelley Kilback,62cba98080e2da8f01b9923a,OPTOMETRY,62cd0ce286b0448a549eace2
M,Jefferson Wunsch,62cba98080e2da8f01b9923a,PSYCHOLOGIST,62cd0ce286b0448a549eace3
F,Jeanine Graham,62cba98080e2da8f01b9923a,CHIROPRACTIC,62cd0ce286b0448a549eace4
F,Temeka Denesik,62cba98080e2da8f01b9923a,NURSE,62cd0ce286b0448a549eace5
M,Hern Olivera,62cba98080e2da8f01b9923a,PEDIATRICS,62cd0ce286b0448a549eace6
F,Farrah Gaylord,62cba98080e2da8f01b9923a,NURSE,62cd0ce286b0448a549eace7
M,Bertram Trantow,62cba98080e2da8f01b9923a,GENERAL MEDICINE,62cd0ce286b0448a549eace8
M,Riley Howell,62cba98080e2da8f01b9923b,CLINICIAN,62cd0ce286b0448a549eace9
F,Jesse Raynor,62cba98080e2da8f01b9923b,GENERAL MEDICINE,62cd0ce286b0448a549eacea
M,Desmond Cruickshank,62cba98080e2da8f01b9923b,OPTOMETRY,62cd0ce286b0448a549eaceb
M,Kory Dickens,62cba98080e2da8f01b9923b,PSYCHOLOGIST,62cd0ce286b0448a549eacec
F,Krishna Spencer,62cba98080e2da8f01b9923b,CHIROPRACTIC,62cd0ce286b0448a549eaced
F,Lura Wehner,62cba98080e2da8f01b9923b,NURSE,62cd0ce286b0448a549eacee
F,Risa Champlin,62cba98080e2da8f01b9923b,PEDIATRICS,62cd0ce286b0448a549eacef
M,Felipe Greenholt,62cba98080e2da8f01b9923b,NURSE,62cd0ce286b0448a549eacf0
M,Deangelo Toy,62cba98080e2da8f01b9923b,GENERAL MEDICINE,62cd0ce286b0448a549eacf1
F,Monet Fadel,62cba98080e2da8f01b9923c,CLINICIAN,62cd0ce286b0448a549eacf2
F,Candyce Berge,62cba98080e2da8f01b9923c,GENERAL MEDICINE,62cd0ce286b0448a549eacf3
M,Pat Ondricka,62cba98080e2da8f01b9923c,OPTOMETRY,62cd0ce286b0448a549eacf4
M,Miquel Thiel,62cba98080e2da8f01b9923c,PSYCHOLOGIST,62cd0ce286b0448a549eacf5
F,Toshia Hintz,62cba98080e2da8f01b9923c,CHIROPRACTIC,62cd0ce286b0448a549eacf6
F,Freeda Wolff,62cba98080e2da8f01b9923c,NURSE,62cd0ce286b0448a549eacf7
F,Reanna Nikolaus,62cba98080e2da8f01b9923c,PEDIATRICS,62cd0ce286b0448a549eacf8
F,Lien Koch,62cba98080e2da8f01b9923c,NURSE,62cd0ce286b0448a549eacf9
M,Herschel Muller,62cba98080e2da8f01b9923c,GENERAL MEDICINE,62cd0ce286b0448a549eacfa
F,Viviana Kon,62cba98080e2da8f01b9923d,CLINICIAN,62cd0ce286b0448a549eacfb
M,Rolland Friesen,62cba98080e2da8f01b9923d,GENERAL MEDICINE,62cd0ce286b0448a549eacfc
M,Scottie Kuhn,62cba98080e2da8f01b9923d,OPTOMETRY,62cd0ce286b0448a549eacfd
M,Randall Rohan,62cba98080e2da8f01b9923d,PSYCHOLOGIST,62cd0ce286b0448a549eacfe
M,Brendan Ratke,62cba98080e2da8f01b9923d,CHIROPRACTIC,62cd0ce286b0448a549eacff
F,Martin Zemlak,62cba98080e2da8f01b9923d,NURSE,62cd0ce286b0448a549ead00
M,Daryl Bartoletti,62cba98080e2da8f01b9923d,PEDIATRICS,62cd0ce286b0448a549ead01
F,Dede Kunde,62cba98080e2da8f01b9923d,NURSE,62cd0ce286b0448a549ead02
F,Milda Shanahan,62cba98080e2da8f01b9923d,GENERAL MEDICINE,62cd0ce286b0448a549ead03
M,Vaughn Goldner,62cba98080e2da8f01b9923e,CLINICIAN,62cd0ce286b0448a549ead04
F,Vania Kertzmann,62cba98080e2da8f01b9923e,GENERAL MEDICINE,62cd0ce286b0448a549ead05
F,Loren Blanda,62cba98080e2da8f01b9923e,OPTOMETRY,62cd0ce286b0448a549ead06
M,Bernard Jast,62cba98080e2da8f01b9923e,PSYCHOLOGIST,62cd0ce286b0448a549ead07
M,Isiah Reynolds,62cba98080e2da8f01b9923e,CHIROPRACTIC,62cd0ce286b0448a549ead08
F,Marisela Cruickshank,62cba98080e2da8f01b9923e,NURSE,62cd0ce286b0448a549ead09
F,Ivey Reynolds,62cba98080e2da8f01b9923e,PEDIATRICS,62cd0ce286b0448a549ead0a
M,Dylan Hane,62cba98080e2da8f01b9923e,NURSE,62cd0ce286b0448a549ead0b
F,Rochell Goldner,62cba98080e2da8f01b9923e,GENERAL MEDICINE,62cd0ce286b0448a549ead0c
M,Elton Ryan,62cba98080e2da8f01b9923f,CLINICIAN,62cd0ce286b0448a549ead0d
M,Jimmy Witting,62cba98080e2da8f01b9923f,GENERAL MEDICINE,62cd0ce286b0448a549ead0e
M,Nelson Armstrong,62cba98080e2da8f01b9923f,OPTOMETRY,62cd0ce286b0448a549ead0f
M,Terry Marvin,62cba98080e2da8f01b9923f,PSYCHOLOGIST,62cd0ce286b0448a549ead10
F,Blanch Bradtke,62cba98080e2da8f01b9923f,CHIROPRACTIC,62cd0ce286b0448a549ead11
M,Isaias Ortiz,62cba98080e2da8f01b9923f,NURSE,62cd0ce286b0448a549ead12
F,Elena Cadena,62cba98080e2da8f01b9923f,PEDIATRICS,62cd0ce286b0448a549ead13
F,Mandy Stroman,62cba98080e2da8f01b9923f,NURSE,62cd0ce286b0448a549ead14
F,Gabriela Feil,62cba98080e2da8f01b9923f,GENERAL MEDICINE,62cd0ce286b0448a549ead15
M,Mikel Wunsch,62cba98080e2da8f01b99240,CLINICIAN,62cd0ce286b0448a549ead16
F,Nakisha Skiles,62cba98080e2da8f01b99240,GENERAL MEDICINE,62cd0ce286b0448a549ead17
F,Mechelle Sanford,62cba98080e2da8f01b99240,OPTOMETRY,62cd0ce286b0448a549ead18
M,Emery Dibbert,62cba98080e2da8f01b99240,PSYCHOLOGIST,62cd0ce286b0448a549ead19
F,Stormy Wyman,62cba98080e2da8f01b99240,CHIROPRACTIC,62cd0ce286b0448a549ead1a
M,Wade Spencer,62cba98080e2da8f01b99240,NURSE,62cd0ce286b0448a549ead1b
F,Harriette Wunsch,62cba98080e2da8f01b99240,PEDIATRICS,62cd0ce286b0448a549ead1c
M,Erasmo Mayert,62cba98080e2da8f01b99240,NURSE,62cd0ce286b0448a549ead1d
F,Eloise Wehner,62cba98080e2da8f01b99240,GENERAL MEDICINE,62cd0ce286b0448a549ead1e
M,Terrence Rath,62cba98080e2da8f01b99241,CLINICIAN,62cd0ce286b0448a549ead1f
F,Audrey Nicolas,62cba98080e2da8f01b99241,GENERAL MEDICINE,62cd0ce286b0448a549ead20
F,Mar Soledad,62cba98080e2da8f01b99241,OPTOMETRY,62cd0ce286b0448a549ead21
M,Kory Kunde,62cba98080e2da8f01b99241,PSYCHOLOGIST,62cd0ce286b0448a549ead22
M,Rich Mitchell,62cba98080e2da8f01b99241,CHIROPRACTIC,62cd0ce286b0448a549ead23
M,Israel Hills,62cba98080e2da8f01b99241,NURSE,62cd0ce286b0448a549ead24
M,Lorenzo Lind,62cba98080e2da8f01b99241,PEDIATRICS,62cd0ce286b0448a549ead25
M,Logan Moore,62cba98080e2da8f01b99241,NURSE,62cd0ce286b0448a549ead26
F,Elenor Moore,62cba98080e2da8f01b99241,GENERAL MEDICINE,62cd0ce286b0448a549ead27
M,Devin Legros,62cba98080e2da8f01b99242,CLINICIAN,62cd0ce286b0448a549ead28
F,Lisette Russel,62cba98080e2da8f01b99242,GENERAL MEDICINE,62cd0ce286b0448a549ead29
F,Gay King,62cba98080e2da8f01b99242,OPTOMETRY,62cd0ce286b0448a549ead2a
F,Gema Anderson,62cba98080e2da8f01b99242,PSYCHOLOGIST,62cd0ce286b0448a549ead2b
M,Luther Hauck,62cba98080e2da8f01b99242,CHIROPRACTIC,62cd0ce286b0448a549ead2c
M,Jesus Schmeler,62cba98080e2da8f01b99242,NURSE,62cd0ce286b0448a549ead2d
F,Mar Elena,62cba98080e2da8f01b99242,PEDIATRICS,62cd0ce286b0448a549ead2e
F,Sheri Kirlin,62cba98080e2da8f01b99242,NURSE,62cd0ce286b0448a549ead2f
M,Pablo Alcala,62cba98080e2da8f01b99242,GENERAL MEDICINE,62cd0ce286b0448a549ead30
F,Elyse Walsh,62cba98080e2da8f01b99243,CLINICIAN,62cd0ce286b0448a549ead31
M,Odell Bahringer,62cba98080e2da8f01b99243,GENERAL MEDICINE,62cd0ce286b0448a549ead32
M,Emile Towne,62cba98080e2da8f01b99243,OPTOMETRY,62cd0ce286b0448a549ead33
F,Lily Schaefer,62cba98080e2da8f01b99243,PSYCHOLOGIST,62cd0ce286b0448a549ead34
M,Jerald Lebsack,62cba98080e2da8f01b99243,CHIROPRACTIC,62cd0ce286b0448a549ead35
F,Venita Schroeder,62cba98080e2da8f01b99243,NURSE,62cd0ce286b0448a549ead36
F,Violeta Ryan,62cba98080e2da8f01b99243,PEDIATRICS,62cd0ce286b0448a549ead37
M,Rocco Mosciski,62cba98080e2da8f01b99243,NURSE,62cd0ce286b0448a549ead38
F,Cassi Lebsack,62cba98080e2da8f01b99243,GENERAL MEDICINE,62cd0ce286b0448a549ead39
M,Doug Price,62cba98080e2da8f01b99244,CLINICIAN,62cd0ce286b0448a549ead3a
F,Dorene Huel,62cba98080e2da8f01b99244,GENERAL MEDICINE,62cd0ce286b0448a549ead3b
M,Norbert Wisozk,62cba98080e2da8f01b99244,OPTOMETRY,62cd0ce286b0448a549ead3c
M,Homero De,62cba98080e2da8f01b99244,PSYCHOLOGIST,62cd0ce286b0448a549ead3d
F,Shondra Ledner,62cba98080e2da8f01b99244,CHIROPRACTIC,62cd0ce286b0448a549ead3e
F,Sally Heidenreich,62cba98080e2da8f01b99244,NURSE,62cd0ce286b0448a549ead3f
F,Janay Schaden,62cba98080e2da8f01b99244,PEDIATRICS,62cd0ce286b0448a549ead40
F,Hermine Mills,62cba98080e2da8f01b99244,NURSE,62cd0ce286b0448a549ead41
M,Randell Doyle,62cba98080e2da8f01b99244,GENERAL MEDICINE,62cd0ce286b0448a549ead42
M,Alton Strosin,62cba98080e2da8f01b99245,CLINICIAN,62cd0ce286b0448a549ead43
M,Eugenio Rau,62cba98080e2da8f01b99245,GENERAL MEDICINE,62cd0ce286b0448a549ead44
F,Anne Kiehn,62cba98080e2da8f01b99245,OPTOMETRY,62cd0ce286b0448a549ead45
F,Chanda Klocko,62cba98080e2da8f01b99245,PSYCHOLOGIST,62cd0ce286b0448a549ead46
M,Quinn Murazik,62cba98080e2da8f01b99245,CHIROPRACTIC,62cd0ce286b0448a549ead47
F,Rafaela Maggio,62cba98080e2da8f01b99245,NURSE,62cd0ce286b0448a549ead48
F,Margarett Thompson,62cba98080e2da8f01b99245,PEDIATRICS,62cd0ce286b0448a549ead49
M,Jos Luis,62cba98080e2da8f01b99245,NURSE,62cd0ce286b0448a549ead4a
M,Connie Kutch,62cba98080e2da8f01b99245,GENERAL MEDICINE,62cd0ce286b0448a549ead4b
M,Randal Waelchi,62cba98080e2da8f01b99246,CLINICIAN,62cd0ce286b0448a549ead4c
F,Evangelina Lueilwitz,62cba98080e2da8f01b99246,GENERAL MEDICINE,62cd0ce286b0448a549ead4d
M,Ralph Cartwright,62cba98080e2da8f01b99246,OPTOMETRY,62cd0ce286b0448a549ead4e
F,Rochell Runte,62cba98080e2da8f01b99246,PSYCHOLOGIST,62cd0ce286b0448a549ead4f
M,Buddy Ziemann,62cba98080e2da8f01b99246,CHIROPRACTIC,62cd0ce286b0448a549ead50
F,Ebonie Tillman,62cba98080e2da8f01b99246,NURSE,62cd0ce286b0448a549ead51
F,Meryl Terry,62cba98080e2da8f01b99246,PEDIATRICS,62cd0ce286b0448a549ead52
M,Harry Lang,62cba98080e2da8f01b99246,NURSE,62cd0ce286b0448a549ead53
F,Steven Hand,62cba98080e2da8f01b99246,GENERAL MEDICINE,62cd0ce286b0448a549ead54
F,Takisha Bechtelar,62cba98080e2da8f01b99247,CLINICIAN,62cd0ce286b0448a549ead55
F,Hee Rolfson,62cba98080e2da8f01b99247,GENERAL MEDICINE,62cd0ce286b0448a549ead56
M,Lauren Satterfield,62cba98080e2da8f01b99247,OPTOMETRY,62cd0ce286b0448a549ead57
M,Robt Kuhic,62cba98080e2da8f01b99247,PSYCHOLOGIST,62cd0ce286b0448a549ead58
F,Dorthea Runolfsson,62cba98080e2da8f01b99247,CHIROPRACTIC,62cd0ce286b0448a549ead59
M,Chester Ledner,62cba98080e2da8f01b99247,NURSE,62cd0ce286b0448a549ead5a
M,Rodrigo Gutmann,62cba98080e2da8f01b99247,PEDIATRICS,62cd0ce286b0448a549ead5b
M,Reyes Bechtelar,62cba98080e2da8f01b99247,NURSE,62cd0ce286b0448a549ead5c
M,Carmen Sipes,62cba98080e2da8f01b99247,GENERAL MEDICINE,62cd0ce286b0448a549ead5d
M,Clemente Armend,62cba98080e2da8f01b99248,CLINICIAN,62cd0ce286b0448a549ead5e
M,Elbert Harber,62cba98080e2da8f01b99248,GENERAL MEDICINE,62cd0ce286b0448a549ead5f
F,Concepci Orta,62cba98080e2da8f01b99248,OPTOMETRY,62cd0ce286b0448a549ead60
M,Isiah Reinger,62cba98080e2da8f01b99248,PSYCHOLOGIST,62cd0ce286b0448a549ead61
M,Marcos Buckridge,62cba98080e2da8f01b99248,CHIROPRACTIC,62cd0ce286b0448a549ead62
F,Verona White,62cba98080e2da8f01b99248,NURSE,62cd0ce286b0448a549ead63
F,Enda Raynor,62cba98080e2da8f01b99248,PEDIATRICS,62cd0ce286b0448a549ead64
F,Dulce Leannon,62cba98080e2da8f01b99248,NURSE,62cd0ce286b0448a549ead65
M,Erwin Ondricka,62cba98080e2da8f01b99248,GENERAL MEDICINE,62cd0ce286b0448a549ead66
M,Lawerence Wisoky,62cba98080e2da8f01b99249,CLINICIAN,62cd0ce286b0448a549ead67
M,Santos Kihn,62cba98080e2da8f01b99249,GENERAL MEDICINE,62cd0ce286b0448a549ead68
M,Millard Skiles,62cba98080e2da8f01b99249,OPTOMETRY,62cd0ce286b0448a549ead69
F,Ellan Krajcik,62cba98080e2da8f01b99249,PSYCHOLOGIST,62cd0ce286b0448a549ead6a
F,Ouida Cruickshank,62cba98080e2da8f01b99249,CHIROPRACTIC,62cd0ce286b0448a549ead6b
F,Hollie Von,62cba98080e2da8f01b99249,NURSE,62cd0ce286b0448a549ead6c
F,Yesenia Cormier,62cba98080e2da8f01b99249,PEDIATRICS,62cd0ce286b0448a549ead6d
F,Candance Moen,62cba98080e2da8f01b99249,NURSE,62cd0ce286b0448a549ead6e
F,Gilma Schulist,62cba98080e2da8f01b99249,GENERAL MEDICINE,62cd0ce286b0448a549ead6f
M,Bert Reilly,62cba98080e2da8f01b9924a,CLINICIAN,62cd0ce286b0448a549ead70
F,Wendy Paucek,62cba98080e2da8f01b9924a,GENERAL MEDICINE,62cd0ce286b0448a549ead71
M,Jimmie Greenholt,62cba98080e2da8f01b9924a,OPTOMETRY,62cd0ce286b0448a549ead72
M,Shelton Lebsack,62cba98080e2da8f01b9924a,PSYCHOLOGIST,62cd0ce286b0448a549ead73
F,Theo Reichert,62cba98080e2da8f01b9924a,CHIROPRACTIC,62cd0ce286b0448a549ead74
M,Erick Yundt,62cba98080e2da8f01b9924a,NURSE,62cd0ce286b0448a549ead75
M,Bryon Skiles,62cba98080e2da8f01b9924a,PEDIATRICS,62cd0ce286b0448a549ead76
M,Gerry Rogahn,62cba98080e2da8f01b9924a,NURSE,62cd0ce286b0448a549ead77
F,Nedra Bergnaum,62cba98080e2da8f01b9924a,GENERAL MEDICINE,62cd0ce286b0448a549ead78
F,Malka Hodkiewicz,62cba98080e2da8f01b9924b,CLINICIAN,62cd0ce286b0448a549ead79
F,Cherelle Kunze,62cba98080e2da8f01b9924b,GENERAL MEDICINE,62cd0ce286b0448a549ead7a
F,Andree Zieme,62cba98080e2da8f01b9924b,OPTOMETRY,62cd0ce286b0448a549ead7b
M,Curtis Abshire,62cba98080e2da8f01b9924b,PSYCHOLOGIST,62cd0ce286b0448a549ead7c
M,Diego Cartwright,62cba98080e2da8f01b9924b,CHIROPRACTIC,62cd0ce286b0448a549ead7d
M,Isaac Hudson,62cba98080e2da8f01b9924b,NURSE,62cd0ce286b0448a549ead7e
M,Salvador Cuellar,62cba98080e2da8f01b9924b,PEDIATRICS,62cd0ce286b0448a549ead7f
F,Alfredia Eichmann,62cba98080e2da8f01b9924b,NURSE,62cd0ce286b0448a549ead80
M,Rudy Cruickshank,62cba98080e2da8f01b9924b,GENERAL MEDICINE,62cd0ce286b0448a549ead81
M,Brandon Orn,62cba98080e2da8f01b9924c,CLINICIAN,62cd0ce286b0448a549ead82
F,Claudia Kreiger,62cba98080e2da8f01b9924c,GENERAL MEDICINE,62cd0ce286b0448a549ead83
M,Julio Cesar,62cba98080e2da8f01b9924c,OPTOMETRY,62cd0ce286b0448a549ead84
M,Lane Buckridge,62cba98080e2da8f01b9924c,PSYCHOLOGIST,62cd0ce286b0448a549ead85
F,Corinne Kub,62cba98080e2da8f01b9924c,CHIROPRACTIC,62cd0ce286b0448a549ead86
F,Susanne Connell,62cba98080e2da8f01b9924c,NURSE,62cd0ce286b0448a549ead87
M,Mateo Cepeda,62cba98080e2da8f01b9924c,PEDIATRICS,62cd0ce286b0448a549ead88
F,Felisa Feest,62cba98080e2da8f01b9924c,NURSE,62cd0ce286b0448a549ead89
F,Eloisa Yundt,62cba98080e2da8f01b9924c,GENERAL MEDICINE,62cd0ce286b0448a549ead8a
F,Marcela Ramos,62cba98080e2da8f01b9924d,CLINICIAN,62cd0ce286b0448a549ead8b
F,Melia Mc,62cba98080e2da8f01b9924d,GENERAL MEDICINE,62cd0ce286b0448a549ead8c
M,Austin Kunze,62cba98080e2da8f01b9924d,OPTOMETRY,62cd0ce286b0448a549ead8d
M,Bradley Ferry,62cba98080e2da8f01b9924d,PSYCHOLOGIST,62cd0ce286b0448a549ead8e
F,Charlena Walker,62cba98080e2da8f01b9924d,CHIROPRACTIC,62cd0ce286b0448a549ead8f
M,Jos Emilio,62cba98080e2da8f01b9924d,NURSE,62cd0ce286b0448a549ead90
F,Evan Nitzsche,62cba98080e2da8f01b9924d,PEDIATRICS,62cd0ce286b0448a549ead91
M,Melvin Heaney,62cba98080e2da8f01b9924d,NURSE,62cd0ce286b0448a549ead92
M,Juan Carlos,62cba98080e2da8f01b9924d,GENERAL MEDICINE,62cd0ce286b0448a549ead93